Seller_ID,Product_Name,Courier_Category,Grand_Total,Delivered,Delivered_%,RTO,RTO_%
1224,???? LAST DAY SALE - 50% OFF????   Lucky Sky Terrarium Plant,Delhivery Surface LM,16,9.0,56%,1.0,6%
1224,????Last Day Sale 50% OFF????????Pay 1 Get 3 (3packs)_Fresh Seamless High Waist Butt Lift Panties—????VIP Fast Shipping (Only Today)? - L,Bluedart Air LM,3,2.0,66%,0.0,0%
1224,????Last Day Sale 50% OFF????????Pay 1 Get 3 (3packs)_Fresh Seamless High Waist Butt Lift Panties—????VIP Fast Shipping (Only Today)? - M,Bluedart Air LM,4,4.0,100%,0.0,0%
1224,????Last Day Sale 50% OFF????????Pay 1 Get 3 (3packs)_Fresh Seamless High Waist Butt Lift Panties—????VIP Fast Shipping (Only Today)? - S,Delhivery Surface LM,1,0.0,0%,0.0,0%
1224,????Last Day Sale 50% OFF????????Pay 1 Get 3 (3packs)_Fresh Seamless High Waist Butt Lift Panties—????VIP Fast Shipping (Only Today)? - XL,Delhivery Surface LM,5,5.0,100%,0.0,0%
1224,????Last Day Sale 50% OFF????????Pay 1 Get 3 (3packs)_Fresh Seamless High Waist Butt Lift Panties—????VIP Fast Shipping (Only Today)? - XXL,Bluedart Air LM,9,5.0,55%,0.0,0%
1224,DazzleDry™ - Kitchen Drying Mat - Black Grey / 40 X 120 cm,Delhivery Surface LM,19,13.0,68%,5.0,26%
1224,DazzleDry™ - Kitchen Drying Mat - Black Grey / 40 X 120 cm,Ekart SHB - 0.5kg LM,30,17.0,56%,0.0,0%
1224,DazzleDry™ - Kitchen Drying Mat - Black Grey / 40 X 120 cm,Xpressbees Surface LM,4,4.0,100%,0.0,0%
1224,Wireless Video Doorbell With Camera,Bluedart LM,19,4.0,21%,0.0,0%
1224,Wireless Video Doorbell With Camera,Xpressbees Surface LM,1,0.0,0%,0.0,0%
3284,Premium Shoe Rack(5 year Warranty),DTDC Surface LM,21,4.0,19%,0.0,0%
3284,Premium Shoe Rack(5 year Warranty),Delhivery Surface LM,144,32.0,22%,67.0,46%
3284,Premium Shoe Rack(5 year Warranty),Ekart SHL - 1kg LM,3032,676.0,22%,4.0,0%
3284,Premium Shoe Rack(5 year Warranty),Xpressbees Surface LM,362,58.0,16%,6.0,1%
3313,Ayurvedic Enlarge Oil ???? (Winter Offer Buy 1 Get 1 FREE ??),Delhivery Surface LM,1,0.0,0%,0.0,0%
3550,???? BIG SALE - HALF PRICE????????Splash-proof Faucet Booster Filter (Pack of 2),Ekart SHB - 0.5kg LM,1,1.0,100%,0.0,0%
3550,???? Reusable Magic Water Books (Pack of 4),Bluedart LM,307,203.0,66%,0.0,0%
3550,???? Reusable Magic Water Books (Pack of 4),DTDC Surface LM,5,3.0,60%,0.0,0%
3550,???? Reusable Magic Water Books (Pack of 4),Delhivery Surface LM,80,69.0,86%,6.0,7%
3550,???? Reusable Magic Water Books (Pack of 4),Ekart SHB - 0.5kg LM,2,2.0,100%,0.0,0%
3582,Acupressure  socks,Ekart SHB - 0.5kg LM,1,1.0,100%,0.0,0%
4078,Phone Holder 2.0 with Bluetooth audio power bank,Ekart SHB - 0.5kg LM,2,0.0,0%,0.0,0%
4078,Phone Holder 2.0 with Bluetooth audio power bank,Xpressbees Surface LM,1,0.0,0%,0.0,0%
4101,DesiThrift's | 4 in 1 Electric & Portable Dicer |,DTDC Surface LM,1,1.0,100%,0.0,0%
4101,DesiThrift's | 4 in 1 Electric & Portable Dicer |,Ekart SHB - 0.5kg LM,2,1.0,50%,0.0,0%
4101,DesiThrift's | Brazilian Bliss wood ???? - Pack of 1,Delhivery Surface LM,2,0.0,0%,1.0,50%
4101,DesiThrift's |Dusty™| Ceiling Cleaner/Duster,Delhivery Surface LM,1,1.0,100%,0.0,0%
4173,???? Last Day 49% Off - Tank With Built-In Bra - Smart Pack - L,Ekart SHB - 0.5kg LM,13,7.0,53%,0.0,0%
4173,???? Last Day 49% Off - Tank With Built-In Bra - Smart Pack - M,Ekart SHB - 0.5kg LM,4,3.0,75%,0.0,0%
4173,???? Last Day 49% Off - Tank With Built-In Bra - Smart Pack - S,Ekart SHB - 0.5kg LM,3,2.0,66%,0.0,0%
4173,???? Last Day 49% Off - Tank With Built-In Bra - Smart Pack - XL,DTDC Surface LM,1,1.0,100%,0.0,0%
4173,???? Last Day 49% Off - Tank With Built-In Bra - Smart Pack - XL,Ekart SHB - 0.5kg LM,14,11.0,78%,0.0,0%
4173,???? Last Day 49% Off - Tank With Built-In Bra - Smart Pack - XXL,Ekart SHB - 0.5kg LM,7,4.0,57%,0.0,0%
4268,Premium Synthetic Firoza Ring & Locket - Pendant Locket,Delhivery Surface LM,85,45.0,52%,8.0,9%
4268,Premium Synthetic Firoza Ring & Locket - Pendant Locket,Xpressbees Surface LM,3,1.0,33%,0.0,0%
4268,Premium Synthetic Firoza Ring & Locket - Ring (Adjustable),DTDC Surface LM,3,0.0,0%,0.0,0%
4268,Premium Synthetic Firoza Ring & Locket - Ring (Adjustable),Delhivery Surface LM,347,137.0,39%,71.0,20%
4268,Premium Synthetic Firoza Ring & Locket - Ring (Adjustable),Xpressbees Surface LM,15,7.0,46%,0.0,0%
4299,Brazilian Lucky Wood Plant - Khaki / Pack of 1,Delhivery Surface LM,13,4.0,30%,1.0,7%
4299,DazzleDry™ - Kitchen Drying Mat - Black Grey / 40 X 120 cm,Delhivery Surface LM,9,4.0,44%,1.0,11%
4299,DazzleDry™ - Kitchen Drying Mat - Black Grey / 40 X 120 cm,Ekart SHB - 0.5kg LM,41,18.0,43%,0.0,0%
4299,DazzleDry™ - Kitchen Drying Mat - Black Grey / 40 X 120 cm,Xpressbees Surface LM,13,4.0,30%,0.0,0%
4299,DazzleDry™ - Kitchen Drying Mat - Blue Grey / 40 X 120 cm,Delhivery Surface LM,4,3.0,75%,1.0,25%
4299,DazzleDry™ - Kitchen Drying Mat - Blue Grey / 40 X 120 cm,Ekart SHB - 0.5kg LM,31,13.0,41%,0.0,0%
4299,DazzleDry™ - Kitchen Drying Mat - Blue Grey / 40 X 120 cm,Xpressbees Surface LM,5,3.0,60%,0.0,0%
4299,DazzleDry™ - Kitchen Drying Mat - Light Grey / 40 X 120 cm,Delhivery Surface LM,2,1.0,50%,0.0,0%
4299,DazzleDry™ - Kitchen Drying Mat - Light Grey / 40 X 120 cm,Ekart SHB - 0.5kg LM,6,4.0,66%,0.0,0%
4299,DazzleDry™ - Kitchen Drying Mat - Light Grey / 40 X 120 cm,Xpressbees Surface LM,1,1.0,100%,0.0,0%
4436,FRESH ORGANICO RAYA D3 AELFBOR 25K,Xpressbees Surface LM,9,0.0,0%,9.0,100%
4535,Acupressure Foot Massage Slippers™ - 10,Ekart SHB - 0.5kg LM,2,1.0,50%,0.0,0%
4535,Acupressure Foot Massage Slippers™ - 5,Ekart SHB - 0.5kg LM,1,0.0,0%,0.0,0%
4535,Acupressure Foot Massage Slippers™ - 6,Ekart SHB - 0.5kg LM,1,0.0,0%,0.0,0%
4535,Acupressure Foot Massage Slippers™ - 7,Ekart SHB - 0.5kg LM,3,1.0,33%,0.0,0%
4535,Acupressure Foot Massage Slippers™ - 8,Ekart SHB - 0.5kg LM,2,1.0,50%,0.0,0%
4544,AbX™ | Sit up Bar,Bluedart LM,8,2.0,25%,0.0,0%
4544,AbX™ | Sit up Bar,Delhivery Surface LM,1,0.0,0%,0.0,0%
4689,Lucky Brazil Wood Potted Plant ???? Last Day Sale - 50% Off???? - Khaki / Pack of 1,Delhivery Surface LM,1,1.0,100%,0.0,0%
4980,100% Original Adivasi Neelambari Herbal Hair Oil 125ML (Pack of 2),Delhivery Surface LM,1,0.0,0%,0.0,0%
4980,ADIVASI HERBAL HAIR OIL (BUY 1 GET 1 FREE),Ekart SHB - 0.5kg LM,1,0.0,0%,0.0,0%
4980,BLOSDREAM Black Hair Shampoo 3 in 1 Buy 1 Get 1 Free,Bluedart LM,2,1.0,50%,0.0,0%
4980,DefendStick? Pro - Ultimate Security Companion,Bluedart LM,2,0.0,0%,0.0,0%
4980,DefendStick? Pro - Ultimate Security Companion,Ekart SHB - 0.5kg LM,1,0.0,0%,0.0,0%
4980,Mens Cargo Pants (Buy 1 Get 1 Free),Delhivery Surface LM,10,4.0,40%,4.0,40%
4980,Mens Cargo Pants (Buy 1 Get 1 Free),Ekart SHB - 0.5kg LM,17,5.0,29%,0.0,0%
4980,ORIGINAL? __ _______ ________ _____ ____ ___ Buy 1 Get 1 Free @50% Off Today Only,Ekart SHB - 0.5kg LM,3,1.0,33%,0.0,0%
4980,Original Adivasi 100% pure herbal hair oil (Buy 1 Get 1 Free),Bluedart LM,5,1.0,20%,0.0,0%
4980,Original Adivasi 100% pure herbal hair oil (Buy 1 Get 1 Free),Delhivery Surface LM,3,1.0,33%,0.0,0%
4980,Original Adivasi 100% pure herbal hair oil (Buy 1 Get 1 Free),Ekart SHB - 0.5kg LM,23,8.0,34%,0.0,0%
4980,Posture Corrector For Women & Men,Bluedart LM,3,0.0,0%,0.0,0%
4980,Posture Corrector For Women & Men,Delhivery Surface LM,2,0.0,0%,1.0,50%
4980,Power Saver Device Save Upto 40% Electricity,Ekart SHB - 0.5kg LM,1,0.0,0%,0.0,0%
4980,Premium Lotus Flower Seeds,Bluedart LM,2,0.0,0%,0.0,0%
5050,Herbal Lipoma Removal Cream (50gm),Ekart SHB - 0.5kg LM,5,1.0,20%,0.0,0%
5050,QB™ Herbal Hemorrhoids Relief Spray - ????Doctors Recommended No 1 Piles Spray????,Delhivery Surface LM,2,2.0,100%,0.0,0%
5050,QB™ Herbal Hemorrhoids Relief Spray - ????Doctors Recommended No 1 Piles Spray????,Ekart SHB - 0.5kg LM,5,0.0,0%,0.0,0%
5050,Turmeric Spot Corrector Serum (30ML),Ekart SHB - 0.5kg LM,1,0.0,0%,0.0,0%
5101,Metal Snap Piler With 100 Button,Bluedart LM,7,2.0,28%,0.0,0%
5101,Metal Snap Piler With 100 Button,Xpressbees Surface LM,1,0.0,0%,0.0,0%
5227,"Original Adivasi Herbal Hair Oil – Ayush Certified, Natural Formula for Hair Care & Strength - Pack of 2",Bluedart Air LM,1,0.0,0%,0.0,0%
5227,"Original Adivasi Herbal Hair Oil – Ayush Certified, Natural Formula for Hair Care & Strength - Pack of 2",Bluedart LM,1,0.0,0%,0.0,0%
5227,"Original Adivasi Herbal Hair Oil – Ayush Certified, Natural Formula for Hair Care & Strength - Pack of 2",Delhivery Surface LM,1,0.0,0%,1.0,100%
5227,"Original Adivasi Herbal Hair Oil – Ayush Certified, Natural Formula for Hair Care & Strength - Pack of 2",Ekart SHB - 0.5kg LM,3,3.0,100%,0.0,0%
5365,Golden Glam: Back Relief Spray (Buy 1 Get 1 FREE!),Ekart SHB - 0.5kg LM,1,1.0,100%,0.0,0%
5903,Fresh Sleeping Spray - 1,Delhivery Surface LM,1,0.0,0%,0.0,0%
6066,BrightTone™ V34 Teeth Whitening Serum,Ekart SHB - 0.5kg LM,8,0.0,0%,0.0,0%
6066,BrightTone™ V34 Teeth Whitening Serum,Xpressbees Surface LM,1,0.0,0%,0.0,0%
6170,Gas Saver Burner Stand ( Pack of 2 ),Delhivery Surface LM,1,0.0,0%,0.0,0%
6200,ArcadeBoy™? ( Limited Time Offer ) - 64GB 15000 Games,Ekart SHB - 0.5kg LM,3,2.0,66%,0.0,0%
6200,ArcadeBoy™? ( Limited Time Offer ) - 64GB 15000 Games,Xpressbees Surface LM,1,0.0,0%,0.0,0%
6200,Portable Cordless Pressure Washer ( 6 Months Warranty ),Delhivery Surface LM,1,0.0,0%,1.0,100%
6200,Portable Cordless Pressure Washer ( 6 Months Warranty ),Ekart STO - 0.5kg LM,10,3.0,30%,0.0,0%
6200,Portable Cordless Pressure Washer ( 6 Months Warranty ),Xpressbees Surface LM,1,0.0,0%,0.0,0%
6244,9 in 1 Revolution Push Up Rack Board,DTDC Surface LM,1,0.0,0%,0.0,0%
6244,9 in 1 Revolution Push Up Rack Board,Ekart SHB - 0.5kg LM,1,1.0,100%,0.0,0%
6450,Adivasi Herbal Hair Oil 125ML (Pack of 2),Bluedart LM,28,2.0,7%,0.0,0%
6450,Adivasi Herbal Hair Oil 125ML (Pack of 2),Delhivery Surface LM,10,4.0,40%,4.0,40%
6450,Adivasi Herbal Hair Oil 125ML (Pack of 2),Ekart SHB - 0.5kg LM,257,94.0,36%,0.0,0%
6450,Adivasi Herbal Hair Oil 125ML Pack of 2,Bluedart LM,32,6.0,18%,0.0,0%
6450,Adivasi Herbal Hair Oil 125ML Pack of 2,Delhivery Surface LM,3,0.0,0%,1.0,33%
6450,Adivasi Herbal Hair Oil 125ML Pack of 2,Ekart SHB - 0.5kg LM,154,54.0,35%,0.0,0%
6450,Adivasi Herbal Hair Oil 125ML Pack of 2,Xpressbees Surface LM,1,0.0,0%,0.0,0%
6450,SP-4 Ultra+ Whitening Teeth (Pack of 1),Bluedart Air LM,61,18.0,29%,0.0,0%
6450,SP-4 Ultra+ Whitening Teeth (Pack of 1),Delhivery Surface LM,18,4.0,22%,2.0,11%
6450,SP-4 Ultra+ Whitening Teeth (Pack of 1),Ekart SHB - 0.5kg LM,85,21.0,24%,0.0,0%
6492,Fitbeast Sit-up Assistant,Bluedart Air LM,20,8.0,40%,0.0,0%
6492,Fitbeast Sit-up Assistant,Delhivery Surface LM,4,2.0,50%,2.0,50%
6492,Fitbeast Sit-up Assistant,Ekart SHB - 0.5kg LM,72,33.0,45%,0.0,0%
6492,Fitbeast Sit-up Assistant,Xpressbees Surface LM,6,3.0,50%,0.0,0%
6697,Cochlear Blockage Removal Spray(Pack of 2),Delhivery Surface LM,1,0.0,0%,0.0,0%
6697,Cochlear Blockage Removal Spray(Pack of 2),Ekart SHB - 0.5kg LM,13,0.0,0%,0.0,0%
6697,Cochlear Blockage Removal Spray(Pack of 2),Xpressbees Surface LM,3,2.0,66%,0.0,0%
6697,Non-slip and Super Absorbent Floor Mats (Pack of 2),Delhivery Surface LM,1,0.0,0%,0.0,0%
6697,Perfume For Women Pink Love( Pack of 3) - Pack Of 3,Bluedart LM,8,1.0,12%,0.0,0%
6697,Perfume For Women Pink Love( Pack of 3) - Pack Of 3,Ekart SHB - 0.5kg LM,23,6.0,26%,0.0,0%
6697,Pixi On The Glow Blush (Pack of 3) - Fleur,Ekart SHB - 0.5kg LM,3,2.0,66%,0.0,0%
6697,Pixi On The Glow Blush (Pack of 3) - Mix (Ruby+Fleur+Juicy),Bluedart Air LM,2,0.0,0%,0.0,0%
6697,Pixi On The Glow Blush (Pack of 3) - Mix (Ruby+Fleur+Juicy),Ekart SHB - 0.5kg LM,25,12.0,48%,0.0,0%
6697,Pixi On The Glow Blush (Pack of 3) - Mix (Ruby+Fleur+Juicy),Xpressbees Surface LM,2,0.0,0%,0.0,0%
6697,Pixi On The Glow Blush (Pack of 3) - Ruby,DTDC Surface LM,1,0.0,0%,0.0,0%
6697,Pixi On The Glow Blush (Pack of 3) - Ruby,Ekart SHB - 0.5kg LM,11,2.0,18%,0.0,0%
6697,Pixi On The Glow Blush (Pack of 3) - Ruby,Xpressbees Surface LM,1,0.0,0%,0.0,0%
6697,Portable Mini Heat Sealing Machine (pack of 2) - Multi-colour,Ekart SHB - 0.5kg LM,1,0.0,0%,0.0,0%
6697,The Red Desireè Dress - Red / L,Bluedart Air LM,1,0.0,0%,0.0,0%
6697,The Red Desireè Dress - Red / S,Bluedart Air LM,2,0.0,0%,0.0,0%
6697,The Red Desireè Dress - Red / XL,Bluedart Air LM,2,0.0,0%,0.0,0%
6697,Wireless Remote Control LED Strobe Light - Pack of 4,Ekart SHB - 0.5kg LM,3,0.0,0%,0.0,0%
6985,BounceBuddy™ | Pets Favourite Self Teasing Ball,Bluedart Air LM,12,7.0,58%,0.0,0%
6985,BounceBuddy™ | Pets Favourite Self Teasing Ball,Bluedart LM,3,2.0,66%,0.0,0%
6986,"Brazilian Lucky Plant For Fortune, Prosperity & Decor - Buy 1 Get 1 FREE",Delhivery Surface LM,2,1.0,50%,1.0,50%
6986,"Brazilian Lucky Plant For Good Fortune, Prosperity & Decor - Buy 1 Get 1 FREE",Delhivery Surface LM,16,11.0,68%,4.0,25%
7328,NatureFortune™ Brazilian Lucky Wood Plant - Pack of 1,Delhivery Surface LM,14,10.0,71%,2.0,14%
7328,NatureFortune™ Brazilian Lucky Wood Plant - Pack of 2,Delhivery Surface LM,10,7.0,70%,1.0,10%
7837,Car Led Interior Strip Light (5 Meters),Ekart SHB - 0.5kg LM,1,0.0,0%,0.0,0%
7841,2 In 1 Glass Oil Dispenser Bottle - Premium Quality & Build - Pack of 1,Ekart SHB - 0.5kg LM,1,1.0,100%,0.0,0%
7841,Gas Saver Burner Stand ( Pack of 2 ) - Premium Quality & Build - 2 pieces Burner Stand,Delhivery Surface LM,2,2.0,100%,0.0,0%
7901,"2 in 1 Glass Oil Dispenser Bottle | Olive Oil Dispenser & Oil Sprayer | Oil Pots For Kitchen | Salad,Bbq,Roasting, | Oil Vinegar Bottle Dual-Use Kitchen Cooking Tool (Multi Color)-Glass, 550 Ml - Pack of 1",Ekart SHB - 0.5kg LM,1,1.0,100%,0.0,0%
7901,"2 in 1 Glass Oil Dispenser Bottle | Olive Oil Dispenser & Oil Sprayer | Oil Pots For Kitchen | Salad,Bbq,Roasting, | Oil Vinegar Bottle Dual-Use Kitchen Cooking Tool (Multi Color)-Glass, 550 Ml - Pack of 2",Ekart SHB - 0.5kg LM,1,1.0,100%,0.0,0%
8045,CleanMaster™ Multipurpose Foam Spray,Delhivery Surface LM,3,0.0,0%,2.0,66%
8046,Blendid | Portable Blender Bottle,Ekart SHB - 0.5kg LM,1,0.0,0%,0.0,0%
8046,Easy | Ergonomic Cervical Pillow,Ekart SHB - 0.5kg LM,1,1.0,100%,0.0,0%
8046,Pack | Mini Heat Sealing Machine,Ekart SHB - 0.5kg LM,1,1.0,100%,0.0,0%
8046,Sleek | Hair Straightening Brush,Ekart SHB - 0.5kg LM,1,0.0,0%,1.0,100%
8189,Ceiling Fan Cleaner Dusters With Extension Pole,Delhivery Surface LM,1,1.0,100%,0.0,0%
8192,Posture Corrector Belt Unisex,Bluedart Air LM,2,1.0,50%,0.0,0%
8192,Posture Corrector Belt Unisex,Bluedart LM,19,3.0,15%,0.0,0%
8192,Posture Corrector Belt Unisex,Delhivery Surface LM,7,3.0,42%,2.0,28%
8288,Gas Saver Burner Stand,Delhivery Surface LM,1,1.0,100%,0.0,0%
8372,Red Light Therapy Wand - Pink,Bluedart Air JIT LM,1,0.0,0%,0.0,0%
8372,Wireless bottle lamp - Black,Bluedart Air JIT LM,1,0.0,0%,0.0,0%
8372,Wireless bottle lamp - Black,Bluedart Air LM,2,2.0,100%,0.0,0%
8406,Portable Mini Mop Tools - Pack of 1,Ekart SHB - 0.5kg LM,3,2.0,66%,0.0,0%
8427,SMARTWATCH,Bluedart LM,21,2.0,9%,0.0,0%
8427,SMARTWATCH,DTDC Surface LM,23,5.0,21%,0.0,0%
8427,SMARTWATCH,Delhivery Surface LM,45,10.0,22%,12.0,26%
8427,SMARTWATCH,Ekart SHB - 0.5kg LM,691,81.0,11%,1.0,0%
8427,SMARTWATCH,Xpressbees Surface LM,175,18.0,10%,2.0,1%
8507,Sugar Control LI4 Acupressure Point Clip,Delhivery Surface LM,1,1.0,100%,0.0,0%
8507,Sugar Control LI4 Acupressure Point Clip,Ekart SHB - 0.5kg LM,1,0.0,0%,0.0,0%
8610,Lux Curl™: The Ultimate Automatic Hair Curler,Xpressbees Surface LM,1,0.0,0%,0.0,0%
8643,KRAFTI  3-IN-1  LED FACIAL SCULPTOR,Ekart SHB - 0.5kg LM,17,15.0,88%,0.0,0%
8643,KRAFTI  3-IN-1  LED FACIAL SCULPTOR,Xpressbees Surface LM,5,2.0,40%,0.0,0%
8727,TheraCare Mini,Delhivery Surface LM,3,3.0,100%,0.0,0%
8764,Electric Spin Scrubber Electric Cleaning Brush Cordless Power Scrubber,Bluedart LM,2,0.0,0%,0.0,0%
9135,Nex® 2 in 1 Oil Dispenser and Sprayer - Pack of 1,Bluedart Air LM,1,1.0,100%,0.0,0%
9353,Bee Venom Joint And Bone Therapy Cream BUY 1 GET 1 FREE,DTDC Surface LM,1,0.0,0%,0.0,0%
9353,Bee Venom Joint And Bone Therapy Cream BUY 1 GET 1 FREE,Delhivery Surface LM,45,7.0,15%,27.0,60%
9353,Bee Venom Joint And Bone Therapy Cream BUY 1 GET 1 FREE,Ekart SHB - 0.5kg LM,610,26.0,4%,448.0,73%
9353,Bee Venom Joint And Bone Therapy Cream BUY 1 GET 1 FREE,Xpressbees Surface LM,66,5.0,7%,33.0,50%
9372,360° Rotating Mobile Stand,Bluedart LM,1,1.0,100%,0.0,0%
9400,CASSIDY Cooling Oil 60ml (Pack of 2) - Pack of 2,Ekart SHB - 0.5kg LM,2,0.0,0%,2.0,100%
9400,CASSIDY Cooling Oil 60ml (Pack of 2) - Pack of 2,Xpressbees Surface LM,1,0.0,0%,1.0,100%
9427,GlowSphere™ | Ice Globes for Youthful Skin,Ekart SHB - 0.5kg LM,1,1.0,100%,0.0,0%
9427,RelaxRevive™ Electric Scalp Massager,Delhivery Surface LM,1,0.0,0%,0.0,0%
9427,SneakerClean™ Shoe Cleaning Wipes,Ekart SHB - 0.5kg LM,1,1.0,100%,0.0,0%
9487,SilkSmooth™ | Painless Facial & Body Hair Remover,Bluedart LM,58,19.0,32%,0.0,0%
9487,SilkSmooth™ | Painless Facial & Body Hair Remover,Delhivery Surface LM,2,1.0,50%,1.0,50%
9487,SilkSmooth™ | Painless Facial & Body Hair Remover,Ekart SHB - 0.5kg LM,3,1.0,33%,0.0,0%
9523,Hanuman Ji Pendant Oxodaised Silver Chain,Delhivery Surface LM,1,1.0,100%,0.0,0%
9616,"Screen Magnifier 3D HD Mobile Phone Magnifier Projector Screen for Movies, Videos, and Gaming",Bluedart LM,3,1.0,33%,0.0,0%
9616,"Screen Magnifier 3D HD Mobile Phone Magnifier Projector Screen for Movies, Videos, and Gaming",Xpressbees Surface LM,1,0.0,0%,0.0,0%
9638,Portable Mini Keychain Powerbank - C-Type,Ekart SHB - 0.5kg LM,2,0.0,0%,0.0,0%
9638,Portable Mini Keychain Powerbank - C-Type,Xpressbees Surface LM,3,0.0,0%,0.0,0%
9640,PureMist™ Air Humidifier (Pack of 2),Ekart SHB - 0.5kg LM,1,0.0,0%,0.0,0%
9701,PrimeDrops™? Rudraksha & Citrine Crystal Energy Bracelets | Pack of 2,Ekart SHB - 0.5kg LM,1,0.0,0%,0.0,0%
9708,CleanMaster™ Multipurpose Foam Spray,Ekart SHB - 0.5kg LM,1,1.0,100%,0.0,0%
9708,CleanMaster™ Multipurpose Foam Spray,Xpressbees Surface LM,1,0.0,0%,0.0,0%
9719,24K Antique Gold Plated Balaji Charan - ???? BUY 1 & GET 1 GIFT ITEM FREE ????,Delhivery Surface LM,3,2.0,66%,0.0,0%
9822,Instant Drainage - Buy 1 Get 1 | Blocking Sinks and Pipes - 3x Max Powder | All-Purpose Use,Bluedart Air LM,1,1.0,100%,0.0,0%
9870,Clean Any Surface in Just a Few Seconds!,Delhivery Surface LM,2,1.0,50%,1.0,50%
9870,Clean Any Surface in Just a Few Seconds!,Ekart SHB - 0.5kg LM,30,11.0,36%,0.0,0%
9870,Clean Any Surface in Just a Few Seconds!,Xpressbees Surface LM,2,1.0,50%,0.0,0%
9920,Car Cradle Mobile Phone Holder,Delhivery Surface LM,1,0.0,0%,1.0,100%
9920,Car Cradle Mobile Phone Holder,Ekart STO - 0.5kg LM,11,6.0,54%,0.0,0%
9920,Car Cradle Mobile Phone Holder,Xpressbees Surface LM,2,2.0,100%,0.0,0%
9920,"GlowMax Pro | Ultra-Soft, Finger-Fit Silicone Brush (Pack Of 2)",Bluedart LM,3,2.0,66%,0.0,0%
9920,High Protection Quick Car Coating Spray (Pack of 2),Ekart SHB - 0.5kg LM,1,1.0,100%,0.0,0%
9920,High Protection Quick Car Coating Spray (Pack of 2),Xpressbees Surface LM,1,0.0,0%,0.0,0%
9958,AuraGlow™ - Electric Makeup Brush Cleaner,Ekart SHB - 0.5kg LM,6,3.0,50%,0.0,0%
9976,Apple Watch Ultra 2 + Airpods 2nd Gen. COMBO,Bluedart LM,2,0.0,0%,0.0,0%
9976,Apple Watch Ultra 2 + Airpods 2nd Gen. COMBO,Delhivery Surface LM,1,0.0,0%,0.0,0%
10016,"Screen Magnifier 3D HD Mobile Phone Magnifier Projector Screen for Movies, Videos, and Gaming",Delhivery Surface LM,1,0.0,0%,1.0,100%
10035,EaseWave™ Period Cramps Therapy Device,Ekart SHB - 0.5kg LM,1,0.0,0%,0.0,0%
10035,EaseWave™ Period Cramps Therapy Device,Xpressbees Surface LM,1,1.0,100%,0.0,0%
10064,A Gaolin Vintage Branded Polo T-Shirt - WHITE+BLACK+BLUE+BEIGE / s,Bluedart LM,1,0.0,0%,0.0,0%
10064,Cotton V-neck Mid-sleeve Casual Top. (White+Black+Khaki+Green) / 4xl,Delhivery Surface LM,2,1.0,50%,1.0,50%
10064,Cotton V-neck Mid-sleeve Casual Top. (White+Black+Khaki+Green) / 5xl,Delhivery Surface LM,5,2.0,40%,0.0,0%
10064,Cotton V-neck Mid-sleeve Casual Top. (White+Black+Khaki+Green) / l,Delhivery Surface LM,8,3.0,37%,0.0,0%
10064,Cotton V-neck Mid-sleeve Casual Top. (White+Black+Khaki+Green) / m,Delhivery Surface LM,1,0.0,0%,1.0,100%
10064,Cotton V-neck Mid-sleeve Casual Top. (White+Black+Khaki+Green) / s,Delhivery Surface LM,7,3.0,42%,2.0,28%
10064,Cotton V-neck Mid-sleeve Casual Top. (White+Black+Khaki+Green) / xl,Delhivery Surface LM,7,6.0,85%,0.0,0%
10064,Cotton V-neck Mid-sleeve Casual Top. (White+Black+Khaki+Green) / xxl,Delhivery Surface LM,5,1.0,20%,4.0,80%
10064,Cotton V-neck Mid-sleeve Casual Top. (White+Black+Khaki+Green) / xxxl,Delhivery Surface LM,3,0.0,0%,2.0,66%
10064,Cotton V-neck Mid-sleeve Casual Top. - Pack of 4 (White+Black+Khaki+Green) / 5xl,Bluedart LM,3,1.0,33%,0.0,0%
10064,Cotton V-neck Mid-sleeve Casual Top. - Pack of 4 (White+Black+Khaki+Green) / 5xl,Delhivery Surface LM,2,2.0,100%,0.0,0%
10064,Cotton V-neck Mid-sleeve Casual Top. - Pack of 4 (White+Black+Khaki+Green) / l,Delhivery Surface LM,2,1.0,50%,0.0,0%
10064,Cotton V-neck Mid-sleeve Casual Top. - Pack of 4 (White+Black+Khaki+Green) / m,Bluedart LM,1,1.0,100%,0.0,0%
10064,Cotton V-neck Mid-sleeve Casual Top. - Pack of 4 (White+Black+Khaki+Green) / m,Delhivery Surface LM,3,1.0,33%,0.0,0%
10064,Cotton V-neck Mid-sleeve Casual Top. - Pack of 4 (White+Black+Khaki+Green) / s,Delhivery Surface LM,3,1.0,33%,1.0,33%
10064,Cotton V-neck Mid-sleeve Casual Top. - Pack of 4 (White+Black+Khaki+Green) / xl,Bluedart LM,1,1.0,100%,0.0,0%
10064,Cotton V-neck Mid-sleeve Casual Top. - Pack of 4 (White+Black+Khaki+Green) / xl,Delhivery Surface LM,2,1.0,50%,1.0,50%
10064,Cotton V-neck Mid-sleeve Casual Top. - Pack of 4 (White+Black+Khaki+Green) / xxl,Bluedart LM,1,0.0,0%,0.0,0%
10064,Cotton V-neck Mid-sleeve Casual Top. - Pack of 4 (White+Black+Khaki+Green) / xxl,Delhivery Surface LM,1,0.0,0%,1.0,100%
10064,Cotton V-neck Mid-sleeve Casual Top. - Pack of 4 (White+Black+Khaki+Green) / xxxl,Delhivery Surface LM,1,0.0,0%,0.0,0%
10064,Iron-free casual short-sleeved silk shirt / xl,Delhivery Surface LM,1,0.0,0%,1.0,100%
10064,Linen: Essential Men's Shirt (1+1),Delhivery Surface LM,2,0.0,0%,0.0,0%
10064,Linen: Essential Men's Shirt (1+1) - White + Apricot / 2XL,Bluedart LM,6,3.0,50%,0.0,0%
10064,Linen: Essential Men's Shirt (1+1) - White + Apricot / 2XL,DTDC Surface LM,1,0.0,0%,0.0,0%
10064,Linen: Essential Men's Shirt (1+1) - White + Apricot / 2XL,Delhivery Surface LM,7,1.0,14%,4.0,57%
10064,Linen: Essential Men's Shirt (1+1) - White + Apricot / 3XL,Bluedart LM,6,0.0,0%,0.0,0%
10064,Linen: Essential Men's Shirt (1+1) - White + Apricot / 3XL,Delhivery Surface LM,5,0.0,0%,3.0,60%
10064,Linen: Essential Men's Shirt (1+1) - White + Apricot / 4XL,Bluedart LM,2,1.0,50%,0.0,0%
10064,Linen: Essential Men's Shirt (1+1) - White + Apricot / 4XL,Delhivery Surface LM,2,1.0,50%,0.0,0%
10064,Linen: Essential Men's Shirt (1+1) - White + Apricot / 5XL,Bluedart LM,4,2.0,50%,0.0,0%
10064,Linen: Essential Men's Shirt (1+1) - White + Apricot / 5XL,Delhivery Surface LM,1,0.0,0%,1.0,100%
10064,Linen: Essential Men's Shirt (1+1) - White + Apricot / L,Bluedart LM,4,0.0,0%,0.0,0%
10064,Linen: Essential Men's Shirt (1+1) - White + Apricot / L,DTDC Surface LM,1,0.0,0%,0.0,0%
10064,Linen: Essential Men's Shirt (1+1) - White + Apricot / L,Delhivery Surface LM,4,2.0,50%,2.0,50%
10064,Linen: Essential Men's Shirt (1+1) - White + Apricot / M,Bluedart LM,4,1.0,25%,0.0,0%
10064,Linen: Essential Men's Shirt (1+1) - White + Apricot / M,DTDC Surface LM,2,2.0,100%,0.0,0%
10064,Linen: Essential Men's Shirt (1+1) - White + Apricot / M,Delhivery Surface LM,5,0.0,0%,2.0,40%
10064,Linen: Essential Men's Shirt (1+1) - White + Apricot / S,Bluedart LM,1,0.0,0%,0.0,0%
10064,Linen: Essential Men's Shirt (1+1) - White + Apricot / S,Delhivery Surface LM,3,0.0,0%,1.0,33%
10064,Linen: Essential Men's Shirt (1+1) - White + Apricot / XL,Bluedart LM,5,2.0,40%,0.0,0%
10064,Linen: Essential Men's Shirt (1+1) - White + Apricot / XL,DTDC Surface LM,4,1.0,25%,0.0,0%
10064,Linen: Essential Men's Shirt (1+1) - White + Apricot / XL,Delhivery Surface LM,13,4.0,30%,6.0,46%
10064,Men's Classic Solid Color Cargo Pants - Multiple Flap Pockets,Delhivery Surface LM,1,0.0,0%,1.0,100%
10064,Men's Classic Solid Color Cargo Pants - Multiple Flap Pockets  (Black+Grey+Brown) / 34,Bluedart LM,1,0.0,0%,0.0,0%
10064,Men's Classic Solid Color Cargo Pants - Multiple Flap Pockets  (Black+Grey+Brown) / 34,Delhivery Surface LM,1,1.0,100%,0.0,0%
10064,Men's Classic Solid Color Cargo Pants - Multiple Flap Pockets (Black+Grey+Brown) / 36,Delhivery Surface LM,1,0.0,0%,1.0,100%
10064,Men's Outdoor Track Pants,Bluedart LM,7,1.0,14%,0.0,0%
10064,Men's Outdoor Track Pants,Delhivery Surface LM,33,6.0,18%,16.0,48%
10064,Men's Outdoor Track Pants,Xpressbees Surface LM,1,0.0,0%,0.0,0%
10064,Men's Outdoor Track Pants - Black+Grey+Brown / 28,Bluedart LM,61,5.0,8%,0.0,0%
10064,Men's Outdoor Track Pants - Black+Grey+Brown / 28,DTDC Surface LM,6,0.0,0%,0.0,0%
10064,Men's Outdoor Track Pants - Black+Grey+Brown / 28,Delhivery Surface LM,59,8.0,13%,24.0,40%
10064,Men's Outdoor Track Pants - Black+Grey+Brown / 28,Xpressbees Surface LM,1,0.0,0%,0.0,0%
10064,Men's Outdoor Track Pants - Black+Grey+Brown / 30,Bluedart LM,68,12.0,17%,0.0,0%
10064,Men's Outdoor Track Pants - Black+Grey+Brown / 30,DTDC Surface LM,12,1.0,8%,0.0,0%
10064,Men's Outdoor Track Pants - Black+Grey+Brown / 30,Delhivery Surface LM,62,10.0,16%,31.0,50%
10064,Men's Outdoor Track Pants - Black+Grey+Brown / 30,Xpressbees Surface LM,2,0.0,0%,0.0,0%
10064,Men's Outdoor Track Pants - Black+Grey+Brown / 32,Bluedart LM,155,27.0,17%,0.0,0%
10064,Men's Outdoor Track Pants - Black+Grey+Brown / 32,DTDC Surface LM,26,4.0,15%,0.0,0%
10064,Men's Outdoor Track Pants - Black+Grey+Brown / 32,Delhivery Surface LM,196,42.0,21%,89.0,45%
10064,Men's Outdoor Track Pants - Black+Grey+Brown / 32,Xpressbees Surface LM,1,0.0,0%,0.0,0%
10064,Men's Outdoor Track Pants - Black+Grey+Brown / 34,Bluedart LM,224,43.0,19%,0.0,0%
10064,Men's Outdoor Track Pants - Black+Grey+Brown / 34,DTDC Surface LM,47,7.0,14%,0.0,0%
10064,Men's Outdoor Track Pants - Black+Grey+Brown / 34,Delhivery Surface LM,233,54.0,23%,110.0,47%
10064,Men's Outdoor Track Pants - Black+Grey+Brown / 34,Xpressbees Surface LM,3,1.0,33%,0.0,0%
10064,Men's Outdoor Track Pants - Black+Grey+Brown / 36,Bluedart LM,166,25.0,15%,0.0,0%
10064,Men's Outdoor Track Pants - Black+Grey+Brown / 36,DTDC Surface LM,20,5.0,25%,0.0,0%
10064,Men's Outdoor Track Pants - Black+Grey+Brown / 36,Delhivery Surface LM,168,26.0,15%,83.0,49%
10064,Men's Outdoor Track Pants - Black+Grey+Brown / 36,Xpressbees Surface LM,1,0.0,0%,0.0,0%
10064,Men's Outdoor Track Pants - Black+Grey+Brown / 38,Bluedart LM,92,12.0,13%,0.0,0%
10064,Men's Outdoor Track Pants - Black+Grey+Brown / 38,DTDC Surface LM,8,1.0,12%,0.0,0%
10064,Men's Outdoor Track Pants - Black+Grey+Brown / 38,Delhivery Surface LM,93,17.0,18%,50.0,53%
10064,Men's Outdoor Track Pants - Black+Grey+Brown / 40,Bluedart LM,49,7.0,14%,0.0,0%
10064,Men's Outdoor Track Pants - Black+Grey+Brown / 40,DTDC Surface LM,10,1.0,10%,0.0,0%
10064,Men's Outdoor Track Pants - Black+Grey+Brown / 40,Delhivery Surface LM,54,11.0,20%,21.0,38%
10064,Men's Outdoor Track Pants - Black+Grey+Brown / 42,Bluedart LM,36,6.0,16%,0.0,0%
10064,Men's Outdoor Track Pants - Black+Grey+Brown / 42,DTDC Surface LM,8,4.0,50%,0.0,0%
10064,Men's Outdoor Track Pants - Black+Grey+Brown / 42,Delhivery Surface LM,49,8.0,16%,30.0,61%
10064,Men's Outdoor Track Pants - Black+Grey+Brown / 44,Bluedart LM,46,11.0,23%,0.0,0%
10064,Men's Outdoor Track Pants - Black+Grey+Brown / 44,DTDC Surface LM,12,3.0,25%,0.0,0%
10064,Men's Outdoor Track Pants - Black+Grey+Brown / 44,Delhivery Surface LM,43,7.0,16%,23.0,53%
10064,Minimalist Mark Collar T-Shirts (Khaki + White + Green + Black) / L,Delhivery Surface LM,1,1.0,100%,0.0,0%
10064,Multi-pocket cargo pants,Delhivery Surface LM,1,0.0,0%,1.0,100%
10064,Multi-pocket cargo pants - Army Green + Black + Grey / 28,Bluedart LM,10,2.0,20%,0.0,0%
10064,Multi-pocket cargo pants - Army Green + Black + Grey / 28,DTDC Surface LM,1,0.0,0%,0.0,0%
10064,Multi-pocket cargo pants - Army Green + Black + Grey / 28,Delhivery Surface LM,16,2.0,12%,7.0,43%
10064,Multi-pocket cargo pants - Army Green + Black + Grey / 30,Bluedart LM,13,1.0,7%,0.0,0%
10064,Multi-pocket cargo pants - Army Green + Black + Grey / 30,Delhivery Surface LM,16,4.0,25%,5.0,31%
10064,Multi-pocket cargo pants - Army Green + Black + Grey / 32,Bluedart LM,15,4.0,26%,0.0,0%
10064,Multi-pocket cargo pants - Army Green + Black + Grey / 32,DTDC Surface LM,2,1.0,50%,0.0,0%
10064,Multi-pocket cargo pants - Army Green + Black + Grey / 32,Delhivery Surface LM,30,5.0,16%,17.0,56%
10064,Multi-pocket cargo pants - Army Green + Black + Grey / 34,Bluedart LM,16,2.0,12%,0.0,0%
10064,Multi-pocket cargo pants - Army Green + Black + Grey / 34,DTDC Surface LM,3,2.0,66%,0.0,0%
10064,Multi-pocket cargo pants - Army Green + Black + Grey / 34,Delhivery Surface LM,31,8.0,25%,11.0,35%
10064,Multi-pocket cargo pants - Army Green + Black + Grey / 36,Bluedart LM,19,1.0,5%,0.0,0%
10064,Multi-pocket cargo pants - Army Green + Black + Grey / 36,Delhivery Surface LM,21,5.0,23%,10.0,47%
10064,Multi-pocket cargo pants - Army Green + Black + Grey / 38,Bluedart LM,7,0.0,0%,0.0,0%
10064,Multi-pocket cargo pants - Army Green + Black + Grey / 38,Delhivery Surface LM,8,2.0,25%,4.0,50%
10064,Multi-pocket cargo pants - Army Green + Black + Grey / 40,Bluedart LM,6,2.0,33%,0.0,0%
10064,Multi-pocket cargo pants - Army Green + Black + Grey / 40,Delhivery Surface LM,9,3.0,33%,4.0,44%
10064,Multi-pocket cargo pants - Army Green + Black + Grey / 42,Bluedart LM,4,0.0,0%,0.0,0%
10064,Multi-pocket cargo pants - Army Green + Black + Grey / 44,Bluedart LM,1,1.0,100%,0.0,0%
10064,Multi-pocket cargo pants - Army Green + Black + Grey / 44,Delhivery Surface LM,7,2.0,28%,2.0,28%
10064,UrbanWear  T-shirt / 2XL,Delhivery Surface LM,11,1.0,9%,6.0,54%
10064,UrbanWear  T-shirt / 3XL,Delhivery Surface LM,4,0.0,0%,3.0,75%
10064,UrbanWear  T-shirt / L,Bluedart LM,1,0.0,0%,0.0,0%
10064,UrbanWear  T-shirt / L,Delhivery Surface LM,7,0.0,0%,5.0,71%
10064,UrbanWear  T-shirt / M,Bluedart LM,1,0.0,0%,0.0,0%
10064,UrbanWear  T-shirt / M,DTDC Surface LM,1,0.0,0%,0.0,0%
10064,UrbanWear  T-shirt / M,Delhivery Surface LM,3,1.0,33%,1.0,33%
10064,UrbanWear  T-shirt / XL,Delhivery Surface LM,9,1.0,11%,3.0,33%
10064,UrbanWear Pack Of 4 T-shirt - Pack of 4 / 2XL,Bluedart LM,2,0.0,0%,0.0,0%
10064,UrbanWear Pack Of 4 T-shirt - Pack of 4 / 2XL,Delhivery Surface LM,6,0.0,0%,4.0,66%
10064,UrbanWear Pack Of 4 T-shirt - Pack of 4 / 3XL,Delhivery Surface LM,3,0.0,0%,2.0,66%
10064,UrbanWear Pack Of 4 T-shirt - Pack of 4 / L,Bluedart LM,1,0.0,0%,0.0,0%
10064,UrbanWear Pack Of 4 T-shirt - Pack of 4 / L,Delhivery Surface LM,4,2.0,50%,1.0,25%
10064,UrbanWear Pack Of 4 T-shirt - Pack of 4 / M,Bluedart LM,1,0.0,0%,0.0,0%
10064,UrbanWear Pack Of 4 T-shirt - Pack of 4 / M,Delhivery Surface LM,1,0.0,0%,1.0,100%
10064,UrbanWear Pack Of 4 T-shirt - Pack of 4 / XL,Bluedart LM,2,0.0,0%,0.0,0%
10064,UrbanWear Pack Of 4 T-shirt - Pack of 4 / XL,Delhivery Surface LM,8,1.0,12%,4.0,50%
10070,AirFlow Seamless Quick-Dry Boxer Briefs / L,Bluedart Air LM,1,1.0,100%,0.0,0%
10070,AirFlow Seamless Quick-Dry Boxer Briefs / XS,Bluedart Air LM,1,0.0,0%,0.0,0%
10070,Black Gold Comfy Stretchy Boxer / M,Bluedart Air LM,1,1.0,100%,0.0,0%
10070,BreathMag Ultra Brief / l,Bluedart Air LM,2,0.0,0%,0.0,0%
10070,BreathMag Ultra Brief/ xs,Bluedart Air LM,1,1.0,100%,0.0,0%
10070,BreezeFlex Sets For Daily And Casual Wear / l,Bluedart Air LM,1,0.0,0%,0.0,0%
10070,BreezeFlex Sets For Daily And Casual Wear / m,Bluedart Air LM,1,0.0,0%,0.0,0%
10070,BreezeFlex Sets For Daily And Casual Wear/ xl,Bluedart Air LM,1,0.0,0%,0.0,0%
10070,HealthGuard Seamless Underwear For Men,Bluedart Air LM,4,1.0,25%,0.0,0%
10070,HealthGuard Seamless Underwear For Men. / M,Bluedart Air LM,1,0.0,0%,0.0,0%
10070,HealthGuard Seamless Underwear For Men. / XS,Bluedart Air LM,1,0.0,0%,0.0,0%
10070,HealthGuard Seamless Underwear For Men./ M,Bluedart Air LM,1,0.0,0%,0.0,0%
10070,HygienePro ComfortBreathe Briefs - Set of 5 / M,Delhivery Surface LM,1,0.0,0%,1.0,100%
10070,HygienePro ComfortBreathe Briefs / L,Bluedart Air LM,1,1.0,100%,0.0,0%
10070,Intimen - bamboo fiber underwear for men / xs,Bluedart Air LM,1,0.0,0%,0.0,0%
10070,Invisible Lift Shapewear Boxer Briefs for Men - Buy 2 Get 3 Free / M,Delhivery Surface LM,1,0.0,0%,0.0,0%
10070,Luxury Energy Breathable Men's Briefs UG,Bluedart Air LM,9,0.0,0%,0.0,0%
10070,Luxury Energy Breathable Men's Briefs UG,Xpressbees Surface LM,1,0.0,0%,0.0,0%
10070,Luxury Energy Breathable Men's Briefs UG  / M,Bluedart Air LM,117,11.0,9%,0.0,0%
10070,Luxury Energy Breathable Men's Briefs UG  / M,Delhivery Surface LM,19,8.0,42%,4.0,21%
10070,Luxury Energy Breathable Men's Briefs UG  / M,Xpressbees Surface LM,2,0.0,0%,0.0,0%
10070,Luxury Energy Breathable Men's Briefs UG  / XL,Bluedart Air LM,1,0.0,0%,0.0,0%
10070,Luxury Energy Breathable Men's Briefs UG  / XXL,Bluedart Air LM,1,1.0,100%,0.0,0%
10070,Luxury Energy Breathable Men's Briefs UG  / XXXL,Bluedart Air LM,1,0.0,0%,0.0,0%
10070,Luxury Energy Breathable Men's Briefs UG -,Bluedart Air LM,1,0.0,0%,0.0,0%
10070,Luxury Energy Breathable Men's Briefs UG - PACK OF 10 / 4XL,Bluedart Air LM,2,0.0,0%,0.0,0%
10070,Luxury Energy Breathable Men's Briefs UG - PACK OF 10 / M,Bluedart Air LM,1,0.0,0%,0.0,0%
10070,Luxury Energy Breathable Men's Briefs UG - PACK OF 10 / XL,Bluedart Air LM,1,0.0,0%,0.0,0%
10070,Luxury Energy Breathable Men's Briefs UG - PACK OF 10 / XL,Delhivery Surface LM,1,0.0,0%,0.0,0%
10070,Luxury Energy Breathable Men's Briefs UG - PACK OF 5,Bluedart Air LM,1,0.0,0%,0.0,0%
10070,Luxury Energy Breathable Men's Briefs UG - PACK OF 5 / XXXL,Bluedart Air LM,1,0.0,0%,0.0,0%
10070,Luxury Energy Breathable Men's Briefs UG - PACK OF 7 / L,Delhivery Surface LM,1,1.0,100%,0.0,0%
10070,Luxury Energy Breathable Men's Briefs UG - PACK OF 7 / M,Bluedart Air LM,1,0.0,0%,0.0,0%
10070,Luxury Energy Breathable Men's Briefs UG - PACK OF 7 / XL,Bluedart Air LM,1,1.0,100%,0.0,0%
10070,Luxury Energy Breathable Men's Briefs UG / 4XL,Bluedart Air LM,16,6.0,37%,0.0,0%
10070,Luxury Energy Breathable Men's Briefs UG / 4XL,Delhivery Surface LM,1,0.0,0%,1.0,100%
10070,Luxury Energy Breathable Men's Briefs UG / L,Bluedart Air LM,102,14.0,13%,0.0,0%
10070,Luxury Energy Breathable Men's Briefs UG / L,Delhivery Surface LM,15,2.0,13%,7.0,46%
10070,Luxury Energy Breathable Men's Briefs UG / L,Xpressbees Surface LM,3,0.0,0%,0.0,0%
10070,Luxury Energy Breathable Men's Briefs UG / M,Bluedart Air LM,3,1.0,33%,0.0,0%
10070,Luxury Energy Breathable Men's Briefs UG / S,Bluedart Air LM,21,6.0,28%,0.0,0%
10070,Luxury Energy Breathable Men's Briefs UG / S,Delhivery Surface LM,3,0.0,0%,1.0,33%
10070,Luxury Energy Breathable Men's Briefs UG / XL,Bluedart Air LM,157,24.0,15%,0.0,0%
10070,Luxury Energy Breathable Men's Briefs UG / XL,Delhivery Surface LM,23,5.0,21%,2.0,8%
10070,Luxury Energy Breathable Men's Briefs UG / XL,Xpressbees Surface LM,1,0.0,0%,0.0,0%
10070,Luxury Energy Breathable Men's Briefs UG / XS,Bluedart Air LM,78,7.0,8%,0.0,0%
10070,Luxury Energy Breathable Men's Briefs UG / XS,Delhivery Surface LM,11,2.0,18%,1.0,9%
10070,Luxury Energy Breathable Men's Briefs UG / XS,Xpressbees Surface LM,2,0.0,0%,0.0,0%
10070,Luxury Energy Breathable Men's Briefs UG / XXL,Bluedart Air LM,89,14.0,15%,0.0,0%
10070,Luxury Energy Breathable Men's Briefs UG / XXL,DTDC Surface LM,1,0.0,0%,0.0,0%
10070,Luxury Energy Breathable Men's Briefs UG / XXL,Delhivery Surface LM,18,6.0,33%,4.0,22%
10070,Luxury Energy Breathable Men's Briefs UG / XXXL,Bluedart Air LM,6,1.0,16%,0.0,0%
10070,Luxury Energy Breathable Men's Briefs UG / XXXL,Delhivery Surface LM,3,0.0,0%,0.0,0%
10070,Luxury Energy Breathable Men's Briefs UG/ XXXL,Bluedart Air LM,12,3.0,25%,0.0,0%
10070,Luxury Energy Breathable Men's Briefs UG/ XXXL,Delhivery Surface LM,1,0.0,0%,1.0,100%
10070,Men's  Ice Silk Briefs: Cool & Breathable Comfort,Bluedart Air LM,2,0.0,0%,0.0,0%
10070,Men's  Ice Silk Briefs: Cool & Breathable Comfort,Delhivery Surface LM,1,0.0,0%,1.0,100%
10070,Men's Light Weight Soft Cotton Boxer Underwear./ L,Bluedart Air LM,1,0.0,0%,0.0,0%
10070,Men's Light Weight Soft Cotton Boxer Underwear./ XS,Bluedart Air LM,1,0.0,0%,0.0,0%
10070,Men's Massage Fluxion Therapy Underwear,Bluedart Air LM,6,0.0,0%,0.0,0%
10070,Men's Massage Fluxion Therapy Underwear  / 2XL,Bluedart Air LM,13,4.0,30%,0.0,0%
10070,Men's Massage Fluxion Therapy Underwear  / L,Bluedart Air LM,20,3.0,15%,0.0,0%
10070,Men's Massage Fluxion Therapy Underwear  / L,Delhivery Surface LM,1,0.0,0%,0.0,0%
10070,Men's Massage Fluxion Therapy Underwear  / M,Bluedart Air LM,2,0.0,0%,0.0,0%
10070,Men's Massage Fluxion Therapy Underwear  / XL,Bluedart Air LM,19,3.0,15%,0.0,0%
10070,Men's Massage Fluxion Therapy Underwear -,Bluedart Air LM,2,0.0,0%,0.0,0%
10070,Men's Massage Fluxion Therapy Underwear -,Delhivery Surface LM,1,0.0,0%,0.0,0%
10070,Men's Massage Fluxion Therapy Underwear -  L,Bluedart Air LM,158,35.0,22%,0.0,0%
10070,Men's Massage Fluxion Therapy Underwear -  L,Delhivery Surface LM,25,8.0,32%,8.0,32%
10070,Men's Massage Fluxion Therapy Underwear -  L,Xpressbees Surface LM,3,2.0,66%,0.0,0%
10070,Men's Massage Fluxion Therapy Underwear - Pack Of 5 / 4XL,Bluedart Air LM,1,1.0,100%,0.0,0%
10070,Men's Massage Fluxion Therapy Underwear - Pack Of 5 / 4XL,Delhivery Surface LM,2,1.0,50%,0.0,0%
10070,Men's Massage Fluxion Therapy Underwear - Pack Of 5 / 5XL,Bluedart Air LM,2,0.0,0%,0.0,0%
10070,Men's Massage Fluxion Therapy Underwear - Pack Of 5 / 5XL,Delhivery Surface LM,1,0.0,0%,1.0,100%
10070,Men's Massage Fluxion Therapy Underwear - Pack Of 7 / M,Bluedart Air LM,1,0.0,0%,0.0,0%
10070,Men's Massage Fluxion Therapy Underwear - Pack Of 7 / S,Bluedart Air LM,1,0.0,0%,0.0,0%
10070,Men's Massage Fluxion Therapy Underwear / 3XL,Bluedart Air LM,21,6.0,28%,0.0,0%
10070,Men's Massage Fluxion Therapy Underwear / 3XL,Delhivery Surface LM,2,0.0,0%,1.0,50%
10070,Men's Massage Fluxion Therapy Underwear / 3XL,Xpressbees Surface LM,1,0.0,0%,0.0,0%
10070,Men's Massage Fluxion Therapy Underwear / 4XL,Bluedart Air LM,5,3.0,60%,0.0,0%
10070,Men's Massage Fluxion Therapy Underwear / 5XL,Bluedart Air LM,5,3.0,60%,0.0,0%
10070,Men's Massage Fluxion Therapy Underwear / 5XL,Xpressbees Surface LM,1,1.0,100%,0.0,0%
10070,Men's Massage Fluxion Therapy Underwear / M,Bluedart Air LM,6,2.0,33%,0.0,0%
10070,Men's Massage Fluxion Therapy Underwear / M,Delhivery Surface LM,2,1.0,50%,1.0,50%
10070,Men's Massage Fluxion Therapy Underwear / S,Bluedart Air LM,2,0.0,0%,0.0,0%
10070,Men's Massage Fluxion Therapy Underwear/ 2XL,Bluedart Air LM,75,13.0,17%,0.0,0%
10070,Men's Massage Fluxion Therapy Underwear/ 2XL,Delhivery Surface LM,9,0.0,0%,3.0,33%
10070,Men's Massage Fluxion Therapy Underwear/ 3XL,Bluedart Air LM,1,0.0,0%,0.0,0%
10070,Men's Massage Fluxion Therapy Underwear/ 4XL,Bluedart Air LM,5,0.0,0%,0.0,0%
10070,Men's Massage Fluxion Therapy Underwear/ 5XL,Bluedart Air LM,1,0.0,0%,0.0,0%
10070,Men's Massage Fluxion Therapy Underwear/ M,Bluedart Air LM,163,35.0,21%,0.0,0%
10070,Men's Massage Fluxion Therapy Underwear/ M,DTDC Surface LM,1,0.0,0%,0.0,0%
10070,Men's Massage Fluxion Therapy Underwear/ M,Delhivery Surface LM,19,7.0,36%,6.0,31%
10070,Men's Massage Fluxion Therapy Underwear/ M,Xpressbees Surface LM,2,1.0,50%,0.0,0%
10070,Men's Massage Fluxion Therapy Underwear/ S,Bluedart Air LM,119,14.0,11%,0.0,0%
10070,Men's Massage Fluxion Therapy Underwear/ S,Delhivery Surface LM,23,4.0,17%,5.0,21%
10070,Men's Massage Fluxion Therapy Underwear/ S,Xpressbees Surface LM,2,1.0,50%,0.0,0%
10070,Men's Massage Fluxion Therapy Underwear/ XL,Bluedart Air LM,207,43.0,20%,0.0,0%
10070,Men's Massage Fluxion Therapy Underwear/ XL,Delhivery Surface LM,31,12.0,38%,5.0,16%
10070,Men's Massage Fluxion Therapy Underwear/ XL,Xpressbees Surface LM,4,0.0,0%,0.0,0%
10070,"Men's Soft Cotton Boxer Briefs, Luxury Style Golden Print",Bluedart Air LM,4,0.0,0%,0.0,0%
10070,"Men's Soft Cotton Boxer Briefs, Luxury Style Golden Print / M",Bluedart Air LM,1,0.0,0%,0.0,0%
10070,"Men's Soft Cotton Boxer Briefs, Luxury Style Golden Print/ XXXL",Bluedart Air LM,1,0.0,0%,0.0,0%
10222,Crystal Aura,Ekart SHB - 0.5kg LM,1,1.0,100%,0.0,0%
10260,GLOBALGOODS™ SMARTWATCH,Bluedart LM,8,0.0,0%,0.0,0%
10260,GLOBALGOODS™ SMARTWATCH,DTDC Surface LM,4,1.0,25%,0.0,0%
10260,GLOBALGOODS™ SMARTWATCH,Delhivery Surface LM,7,2.0,28%,1.0,14%
10260,GLOBALGOODS™ SMARTWATCH,Ekart SHB - 0.5kg LM,148,16.0,10%,1.0,0%
10260,GLOBALGOODS™ SMARTWATCH,Xpressbees Surface LM,39,1.0,2%,1.0,2%
10288,Super Maxx Power Saver Turbo Electricity Saving Device,Ekart SHB - 0.5kg LM,1,0.0,0%,0.0,0%
10288,Super Maxx Power Saver Turbo Electricity Saving Device,Xpressbees Surface LM,1,0.0,0%,0.0,0%
10324,Fishing Bait Attractants ( BUY 1 Get 1 FREE) - Yellow / One Size,Bluedart LM,5,0.0,0%,0.0,0%
10324,Fishing Bait Attractants ( BUY 1 Get 1 FREE) - Yellow / One Size,Delhivery Surface LM,5,1.0,20%,1.0,20%
10324,Fishing Bait Attractants ( BUY 1 Get 1 FREE) - Yellow / One Size,Ekart SHB - 0.5kg LM,4,3.0,75%,0.0,0%
10324,Fishing Bait Attractants ( BUY 1 Get 1 FREE) - Yellow / One Size,Xpressbees Surface LM,2,0.0,0%,0.0,0%
10338,Mini Electric Shaver,Delhivery Surface LM,1,0.0,0%,0.0,0%
10346,Smart Foldable Shoes Shelf 4 Tier Shoe Rack | Buy 2 Get 1 free,Delhivery Surface LM,1,1.0,100%,0.0,0%
10346,Smart Foldable Shoes Shelf 4 Tier Shoe Rack | Stackable Shoe Storage Stand | Foldable Shoe Cabinet | 4 Layer Shoe Rack | Space Saving Shoe Organizer | Shoe Rack For Bedroom Entryway | Portable Space Saving Rack,Ekart SHL - 1kg LM,1,1.0,100%,0.0,0%
10557,All in One Fabric Stain Remover,Delhivery Surface LM,16,6.0,37%,2.0,12%
10557,All in One Fabric Stain Remover,Ekart SHB - 0.5kg LM,2,1.0,50%,0.0,0%
10557,All in One Fabric Stain Remover - Pack of 2 Bottle,Delhivery Surface LM,521,341.0,65%,54.0,10%
10557,All in One Fabric Stain Remover - Pack of 2 Bottle,Ekart SHB - 0.5kg LM,15,5.0,33%,0.0,0%
10557,All in One Fabric Stain Remover - Pack of 2 Bottle,Xpressbees Surface LM,1,0.0,0%,0.0,0%
10557,All in One Fabric Stain Remover - Pack of 4 Bottle,Delhivery Surface LM,16,9.0,56%,2.0,12%
10557,All in One Fabric Stain Remover - Pack of 6 Bottle,Delhivery Surface LM,4,2.0,50%,0.0,0%
10557,All in One Fabric Stain Remover Sales Rep: ECN-134 - Pack of 2 Bottle,Delhivery Surface LM,1,1.0,100%,0.0,0%
10557,Stamina Booster Triple Power Capsule | Ayurvedic medicine to boost strength and stamina - Combo of 60 Capsules with Stamina Booster Massage Oil,Bluedart Air LM,1,0.0,0%,0.0,0%
10557,Stamina Booster Triple Power Capsule | Ayurvedic medicine to boost strength and stamina - Combo of 60 Capsules with Stamina Booster Massage Oil,Ekart SHB - 0.5kg LM,3,0.0,0%,0.0,0%
10557,Stamina Booster Triple Power Capsule | Ayurvedic medicine to boost strength and stamina - Combo of 60 Capsules with Stamina Booster Massage Oil,Xpressbees Surface LM,1,0.0,0%,0.0,0%
10557,Stamina Booster Triple Power Capsule | Ayurvedic medicine to boost strength and stamina - Pack of 60 Capsules,Delhivery Surface LM,6,1.0,16%,0.0,0%
10571,Glowing Necklace,Delhivery Surface LM,1,1.0,100%,0.0,0%
10624,"Screen Magnifier 3D HD Mobile Phone Magnifier Projector Screen for Movies, Videos, and Gaming",Bluedart LM,1,0.0,0%,0.0,0%
10632,NailEase™ Rechargeable Electric Clipper,Ekart SHB - 0.5kg LM,1,1.0,100%,0.0,0%
10714,Comfistep - Acupressure slippers | Blood circulation | Physical Pain - Black / 5,Ekart SHB - 0.5kg LM,1,1.0,100%,0.0,0%
10714,Comfistep - Acupressure slippers | Blood circulation | Physical Pain - Black / 8,Ekart SHB - 0.5kg LM,1,1.0,100%,0.0,0%
10719,Apple Watch Ultra 2 + AirPods Pro 2nd gen. COMBO ( 6 Months Warranty ),Delhivery Surface LM,3,0.0,0%,2.0,66%
10719,Apple Watch Ultra 2 + AirPods Pro 2nd gen. COMBO ( 6 Months Warranty ),Ekart SHB - 0.5kg LM,4,1.0,25%,0.0,0%
10729,Stamina Booster Massage Oil,DTDC Surface LM,1,0.0,0%,0.0,0%
10729,Stamina Booster Spray | Improves Stamina Time & Performance,Ekart SHB - 0.5kg LM,1,0.0,0%,0.0,0%
10729,Stamina Booster Triple Power Capsule & Stamina Booster Massage Oil Spray,Bluedart Air LM,1,0.0,0%,0.0,0%
10729,Stamina Booster Triple Power Capsule & Stamina Booster Oil combo,Bluedart Air LM,11,3.0,27%,0.0,0%
10729,Stamina Booster Triple Power Capsule & Stamina Booster Oil combo,DTDC Surface LM,2,0.0,0%,0.0,0%
10729,Stamina Booster Triple Power Capsule & Stamina Booster Oil combo,Delhivery Surface LM,1,0.0,0%,0.0,0%
10729,Stamina Booster Triple Power Capsule & Stamina Booster Oil combo,Ekart SHB - 0.5kg LM,42,7.0,16%,0.0,0%
10729,Stamina Booster Triple Power Capsule & Stamina Booster Oil combo,Xpressbees Surface LM,6,1.0,16%,0.0,0%
10729,Stamina Booster Triple Power Capsule & Stamina Booster Spray & Stamina Booster Massage Oil,Ekart SHB - 0.5kg LM,2,0.0,0%,0.0,0%
10729,Stamina Booster Triple Power Capsule | Ayurvedic medicine to boost strength and stamina,Delhivery Surface LM,10,3.0,30%,1.0,10%
10789,Crystal Glow | 16 Color Changing Touch Lamp - 16 Color Changing,Xpressbees Surface LM,1,1.0,100%,0.0,0%
10808,SHUTTER X PLATE { FRONT + REAR },Delhivery Surface LM,24,7.0,29%,8.0,33%
10808,SHUTTER X PLATE { FRONT + REAR },Ekart SHB - 0.5kg LM,167,25.0,14%,0.0,0%
10808,SHUTTER X PLATE { FRONT + REAR },Xpressbees Surface LM,61,14.0,22%,0.0,0%
10819,Fountain  10 Head Sensor Ultrasonic LED Lights.,DTDC Surface LM,9,4.0,44%,0.0,0%
10819,Fountain  10 Head Sensor Ultrasonic LED Lights.,Delhivery Surface LM,33,6.0,18%,13.0,39%
10819,Fountain  10 Head Sensor Ultrasonic LED Lights.,Ekart SHB - 0.5kg LM,623,143.0,22%,0.0,0%
10819,Fountain  10 Head Sensor Ultrasonic LED Lights.,Xpressbees Surface LM,94,14.0,14%,1.0,1%
10819,Gorgeous Pure Organza Silk - Free Size,Ekart SHB - 0.5kg LM,9,0.0,0%,0.0,0%
10819,Premium Shoe Rack(7 year Warranty),Ekart SHL - 1kg LM,7,0.0,0%,0.0,0%
10819,Premium Shoe Rack(7 year Warranty),Xpressbees Surface LM,1,0.0,0%,0.0,0%
10843,ArcadeBoy™? ( Limited Time Offer ) - 64GB 15000 Games,Ekart SHB - 0.5kg LM,1,1.0,100%,0.0,0%
10843,Portable Cordless Pressure Washer ( 6 Months Warranty ),Ekart STO - 0.5kg LM,5,0.0,0%,0.0,0%
10889,Ultra Watch 2 + Airpods Pro Combo????,Bluedart LM,12,0.0,0%,0.0,0%
10889,Ultra Watch 2 + Airpods Pro Combo????,Delhivery Surface LM,1,0.0,0%,1.0,100%
10906,SpellMatch™?,Ekart SHB - 0.5kg LM,1,0.0,0%,0.0,0%
10924,Electric Spin Scrubber Electric Cleaning Brush Cordless Power Scrubber,Bluedart LM,5,1.0,20%,0.0,0%
10940,FocusBasic™: Baby Fall Protection Honeybee Backpack,Bluedart Air LM,1,1.0,100%,0.0,0%
10940,FocusBasic™: Mini USB Star Light Projector,Bluedart Air LM,9,1.0,11%,0.0,0%
10940,FocusBasic™: Mini USB Star Light Projector,Delhivery Surface LM,2,0.0,0%,2.0,100%
10940,FocusBasic™: Mini USB Star Light Projector,Ekart SHB - 0.5kg LM,13,4.0,30%,0.0,0%
10979,Brazilian Lucky Wood Plant | Indoor Lucky Plant - Pack of 1,Delhivery Surface LM,1,1.0,100%,0.0,0%
10979,Lumaire | 3D Crystal Lamp,Bluedart Air LM,1,0.0,0%,0.0,0%
10979,The Ultimate Fan Duster | Ceiling Fan & Home Cleaning Duster - Subject to Availability,Delhivery Surface LM,1,1.0,100%,0.0,0%
10993,2 in 1 Glass Oil Dispenser Bottle - Pack of 1,Xpressbees Surface LM,1,0.0,0%,0.0,0%
11007,Apple Watch Ultra 2 + Airpods 2nd Gen. COMBO,Bluedart LM,4,0.0,0%,0.0,0%
11025,Apple Watch Ultra 2 + Airpods 2nd Gen. COMBO,Ekart SHB - 0.5kg LM,9,1.0,11%,0.0,0%
11025,Apple Watch Ultra 2 + Airpods 2nd Gen. COMBO,Xpressbees Surface LM,1,0.0,0%,0.0,0%
11025,Wireless Bluetooth Airpods With Mic?,Delhivery Surface LM,1,0.0,0%,0.0,0%
11025,Wireless Bluetooth Airpods With Mic?,Ekart STO - 0.5kg LM,3,1.0,33%,0.0,0%
11063,Acusox? Acupressure Socks With Tool (2 Socks + 1 Stick),Ekart SHB - 0.5kg LM,1,0.0,0%,0.0,0%
11063,Bee Venom Joint And Bone Therapy Cream BUY 1 GET 1 FREE,DTDC Surface LM,1,0.0,0%,0.0,0%
11063,Bee Venom Joint And Bone Therapy Cream BUY 1 GET 1 FREE,Delhivery Surface LM,54,10.0,18%,26.0,48%
11063,Bee Venom Joint And Bone Therapy Cream BUY 1 GET 1 FREE,Ekart SHB - 0.5kg LM,1567,340.0,21%,0.0,0%
11063,Bee Venom Joint And Bone Therapy Cream BUY 1 GET 1 FREE,Xpressbees Surface LM,151,28.0,18%,0.0,0%
11063,DazzleDry™ - Kitchen Drying Mat - Black Grey / 40 X 120 cm,Ekart SHB - 0.5kg LM,7,5.0,71%,0.0,0%
11063,Wireless Video Doorbell With Camera,Bluedart LM,2,0.0,0%,0.0,0%
11111,Windshield Glass Oil Film Cleaner ????,Bluedart LM,2,0.0,0%,0.0,0%
11111,Windshield Glass Oil Film Cleaner ????,Ekart SHB - 0.5kg LM,1,0.0,0%,0.0,0%
11115,Cosmograph Daytona 116506 Series,Xpressbees Surface LM,1,0.0,0%,0.0,0%
11115,LOTUS SHOP SHOE ORGANISER WITH 5-YEAR WARRANTY,DTDC Surface LM,4,0.0,0%,0.0,0%
11115,LOTUS SHOP SHOE ORGANISER WITH 5-YEAR WARRANTY,Delhivery Surface LM,12,1.0,8%,6.0,50%
11115,LOTUS SHOP SHOE ORGANISER WITH 5-YEAR WARRANTY,Ekart SHL - 1kg LM,151,26.0,17%,1.0,0%
11115,LOTUS SHOP SHOE ORGANISER WITH 5-YEAR WARRANTY,Xpressbees Surface LM,30,4.0,13%,0.0,0%
11176,Crystal Diamond Table Lamp | Touch & Remote Control in 16 Colors,Ekart SHB - 0.5kg LM,1,0.0,0%,0.0,0%
11176,Micro Mop | Portable Mini Mop,Ekart SHB - 0.5kg LM,1,1.0,100%,0.0,0%
11210,Automatic Smart Teasing Pet Ball - Interactive Dog Toy for Endless Fun ????,Bluedart Air LM,1,1.0,100%,0.0,0%
11212,Electric Lighter with  USB Charging - Pack of 1,Delhivery Surface LM,2,0.0,0%,1.0,50%
11212,Electric Lighter with  USB Charging - Pack of 1,Ekart SHB - 0.5kg LM,4,1.0,25%,0.0,0%
11264,USB Plasma Rechargeable Electric Lighter,Delhivery Surface LM,2,0.0,0%,0.0,0%
11264,USB Plasma Rechargeable Electric Lighter,Ekart SHB - 0.5kg LM,2,0.0,0%,0.0,0%
11328,3D Galaxy Crystal Ball Night Light,Bluedart Air LM,1,1.0,100%,0.0,0%
11388,AuraGlow™ - Electric Makeup Brush Cleaner,Bluedart LM,1,0.0,0%,0.0,0%
Grand_Total,,,15907,3838.0,24%,1520.0,9%
